"Cody";"Bins";"Cody_Bins93@yahoo.com";"Minnesota";"3";"male";"0213408508848"
"Kristin";"Renner";"Kristin.Renner@yahoo.com";"West Virginia";"5";"female";"9942612681815"
"Bob";"Connelly";"Bob.Connelly@hotmail.com";"Mississippi";"7";"male";"0297106115114"
"Hilda";"Gerhold";"Hilda.Gerhold@yahoo.com";"Louisiana";"8";"female";"2043940037182"
"Rachel";"Goldner";"Rachel46@gmail.com";"Alabama";"5";"female";"3136516828300"
"Grady";"Bednar";"Grady13@gmail.com";"Vermont";"5";"male";"3987000263472"
"Orlando";"Hirthe";"Orlando_Hirthe71@yahoo.com";"Pennsylvania";"1";"male";"3689049300748"
"Mamie";"Larson";"Mamie.Larson@yahoo.com";"Tennessee";"2";"female";"0424949193138"
"Ira";"Orn";"Ira82@gmail.com";"Missouri";"8";"male";"6554281537300"